<?xml version="1.0" encoding="GBK"?>
<!DOCTYPE sqlMap PUBLIC "-//iBATIS.com//DTD SQL Map 2.0//EN" "http://ibatis.apache.org/dtd/sql-map-2.dtd">
<sqlMap namespace="UserInfoDAO">
    <typeAlias alias="userInfoDO" type="com.code.project.biz.dataobject.UserInfoDO" />
    <resultMap id="userInfoDOResultMap" class="userInfoDO">
        <result property="id" column="id" />
        <result property="userName" column="user_name" />
        <result property="passWord" column="pass_word" />
        <result property="type" column="type" />
        <result property="email" column="email" />
        <result property="readOrignal" column="read_orignal" />
        <result property="onOff" column="on_off" />
        <result property="deFog" column="defog" />
        <result property="readDeFog" column="read_defog" />
        <result property="registerCamera" column="register_camera" />
        <result property="createTime" column="create_time" />
        <result property="modifyTime" column="modify_time" />

    </resultMap>

    <insert id="insert" parameterClass="userInfoDO">
        <![CDATA[
	        insert into
	        user_info
	        (user_name,pass_word,type,email,read_orignal,on_off,defog,read_defog,register_camera,create_time,modify_time)
	        values
	        (#userName#,#passWord#,#type#,#email#,#readOrignal#,#onOff#,#deFog#,#readDeFog#,#registerCamera#,now(),now())
	    ]]>
        <selectKey resultClass="int"  keyProperty="id">
            <![CDATA[SELECT LAST_INSERT_ID() AS ID ]]>
        </selectKey>
    </insert>

    <select id="select" parameterClass="userInfoDO" resultMap="userInfoDOResultMap">
        <![CDATA[select  * from user_info        ]]>
        <isNotNull prepend="" property="userName">
            <![CDATA[where user_name = #userName#    ]]>
        </isNotNull>
 </select>

    <update id="update" parameterClass="userInfoDO">
        <![CDATA[
	        update user_info
	        set email=#email#,  type=#type# , read_orignal=#readOrignal# , on_off = #onOff# , defog = #deFog#  ,
	        read_defog = #readDeFog# ,register_camera = #registerCamera# ,modify_time = #modifyTime#
	        where user_name=#userName#
	    ]]>
    </update>

    <delete id="delete" parameterClass="int">
            delete from user_info where id = #id#
    </delete>

</sqlMap>