<?xml version="1.0" encoding="GBK" ?>
<beans xmlns:xsi="http://www.w3.org/2001/XMLSchema-instance"
       xmlns="http://www.springframework.org/schema/beans" xmlns:p="http://www.springframework.org/schema/p"
       xmlns:aop="http://www.springframework.org/schema/aop" xmlns:tx="http://www.springframework.org/schema/tx"
       xsi:schemaLocation="http://www.springframework.org/schema/beans http://www.springframework.org/schema/beans/spring-beans-2.5.xsd
	http://www.springframework.org/schema/aop http://www.springframework.org/schema/aop/spring-aop-2.0.xsd
           http://www.springframework.org/schema/tx http://www.springframework.org/schema/tx/spring-tx-2.0.xsd"
       default-autowire="byName">

    <bean id ="dataSource" class ="org.apache.commons.dbcp.BasicDataSource" destroy-method="close">
        <property name="driverClassName" value="com.mysql.jdbc.Driver" />
        <property name="url" value="jdbc:mysql://localhost:3306/test?useUnicode=true&amp;characterEncoding=UTF-8" />
        <property name="username" value="root" />
        <property name="password" value="1234"/>
    </bean>

    <bean id="sqlMapClient" class="org.springframework.orm.ibatis.SqlMapClientFactoryBean">
        <property name="dataSource" ref="dataSource" />
        <property name="configLocation" value="classpath:dao/sqlmap-config.xml" />
    </bean>

    <bean id="transactionManager" class="org.springframework.jdbc.datasource.DataSourceTransactionManager">
        <property name="dataSource">
            <ref bean="dataSource" />
        </property>
    </bean>

    <tx:advice id="txAdvice" transaction-manager="transactionManager">
        <tx:attributes>
            <tx:method name="insert*" propagation="REQUIRED"
                       rollback-for="Exception" />
            <tx:method name="add*" propagation="REQUIRED"
                       rollback-for="Exception" />
            <tx:method name="delete*" propagation="REQUIRED"
                       rollback-for="Exception" />
            <tx:method name="update*" propagation="REQUIRED"
                       rollback-for="Exception" />
            <tx:method name="edit*" propagation="REQUIRED"
                       rollback-for="Exception" />
            <tx:method name="create*" propagation="REQUIRED"
                       rollback-for="Exception" />
        </tx:attributes>
    </tx:advice>

    <aop:config>
        <aop:advisor pointcut="execution(* com.code.project.biz..*.*(..))" advice-ref="txAdvice" />
    </aop:config>

    <!--<bean id="jndiTemplate" class="org.springframework.jndi.JndiTemplate"> </bean>-->
</beans>