<?xml version="1.0" encoding="UTF-8"?>
<beans xmlns="http://www.springframework.org/schema/beans"
       xmlns:xsi="http://www.w3.org/2001/XMLSchema-instance"
       xmlns:p="http://www.springframework.org/schema/p"
       xmlns:context="http://www.springframework.org/schema/context"
       xmlns:mvc="http://www.springframework.org/schema/mvc"
       xsi:schemaLocation="http://www.springframework.org/schema/beans
    http://www.springframework.org/schema/beans/spring-beans-3.0.xsd
    http://www.springframework.org/schema/context
    http://www.springframework.org/schema/context/spring-context-3.0.xsd
    http://www.springframework.org/schema/mvc
    http://www.springframework.org/schema/mvc/spring-mvc-3.0.xsd">

    <!--自动扫描的包路径 -->
    <context:component-scan base-package="com.code.project.web" />
    <mvc:annotation-driven />

    <!-- 默认ViewName寻找配置 -->

    <bean id="viewNameTranslator" class="org.springframework.web.servlet.view.DefaultRequestToViewNameTranslator">
        <property name="prefix" value="/WEB-INF/templates/" />
        <property name="suffix" value=".vm" />
    </bean>

    <bean class="org.springframework.web.servlet.view.velocity.VelocityConfigurer">
        <property name="resourceLoaderPath" value="/WEB-INF/templates"/>
        <property name="velocityProperties">
            <props>
                <prop key="input.encoding">utf-8</prop>
                <prop key="output.encoding">utf-8</prop>
            </props>
        </property>
    </bean>

    <bean id="veloctiyViewResolver" class="org.springframework.web.servlet.view.velocity.VelocityLayoutViewResolver">
        <property name="cache" value="true" />
        <property name="prefix" value="" />
        <property name="suffix" value=".vm" />
        <property name="layoutUrl" value="layout/default.vm" />
        <property name="contentType" value="text/html;charset=utf-8"/>
    </bean>

</beans>